{
  "optimal_k": 2,
  "silhouette_score": 0.3757125964420078,
  "inertia": 177.5965533036603,
  "davies_bouldin_score": 1.0254955230110903,
  "calinski_harabasz_score": 19.089780803454033,
  "anova_f_statistic": 66.6594214777146,
  "anova_p_value": 3.019433995787571e-08,
  "pca_variance_explained": 0.6637694704401467,
  "cluster_names": {
    "0": "Cluster 0",
    "1": "Middle-Age Moderate Complexity"
  },
  "timestamp": "2025-12-02T18:49:54.416984"
}